{
    "司法相关": {
        "marco": {
            "p": 0.9011272062468223,
            "r": 0.9100853166099346,
            "f": 0.9051585927265735
        },
        "micro": {
            "p": 0.9261470237079993,
            "r": 0.9333104159504985,
            "f": 0.9297149216676653
        }
    },
    "一般行为": {
        "marco": {
            "p": 0.7976142721056255,
            "r": 0.8232490463906121,
            "f": 0.7979388188738183
        },
        "micro": {
            "p": 0.8172229546873916,
            "r": 0.8683182186831822,
            "f": 0.8419961392721813
        }
    },
    "自然灾害": {
        "marco": {
            "p": 0.6375,
            "r": 0.75,
            "f": 0.6865079365079365
        },
        "micro": {
            "p": 0.8888888888888888,
            "r": 0.7272727272727273,
            "f": 0.7999999999999999
        }
    },
    "事故": {
        "marco": {
            "p": 0.8132612339993421,
            "r": 0.8427300959909655,
            "f": 0.8263253241800153
        },
        "micro": {
            "p": 0.8458961474036851,
            "r": 0.8752166377816292,
            "f": 0.8603066439522998
        }
    },
    "禁止性行为": {
        "marco": {
            "p": 0.8140827519106295,
            "r": 0.8161318073872991,
            "f": 0.8081031600565447
        },
        "micro": {
            "p": 0.8209934395501406,
            "r": 0.8335910550731533,
            "f": 0.8272442896771529
        }
    },
    "危害结果": {
        "marco": {
            "p": 0.7290667690798533,
            "r": 0.7225583001816686,
            "f": 0.7255109703296004
        },
        "micro": {
            "p": 0.8461538461538461,
            "r": 0.8591117917304747,
            "f": 0.8525835866261399
        }
    },
    "micro": {
        "precision": 0.8399129219871982,
        "recall": 0.8708981874536756,
        "f1-score": 0.8551249607171804,
        "support": 29682
    },
    "macro": {
        "precision": 0.8063800644575484,
        "recall": 0.8225478865951956,
        "f1-score": 0.8068393583122129,
        "support": 29682
    },
    "weighted": {
        "precision": 0.8455629534605907,
        "recall": 0.8708981874536756,
        "f1-score": 0.8555577653696312,
        "support": 29682
    }
}